{
  "random" : false,
  "authPass" : null,
  "useOnlinePac" : false,
  "TTL" : 0,
  "global" : false,
  "reconnectTimes" : 3,
  "index" : 0,
  "proxyType" : 0,
  "proxyHost" : null,
  "authUser" : null,
  "proxyAuthPass" : null,
  "isDefault" : false,
  "pacUrl" : null,
  "configs" : [
    {
      "enable" : true,
      "password" : "yexuuu",
      "method" : "salsa20",
      "remarks" : "新服务器",
      "server" : "64.137.251.215",
      "obfs" : "tls1.2_ticket_auth",
      "protocol" : "auth_sha1_v4",
      "server_port" : 5930,
      "remarks_base64" : "5paw5pyN5Yqh5Zmo"
    },
    {
      "enable" : true,
      "password" : "t.me\/tuziss",
      "method" : "aes-256-cfb",
      "remarks" : "2",
      "server" : "137.74.49.178",
      "obfs" : "plain",
      "protocol" : "origin",
      "server_port" : 10012,
      "remarks_base64" : "Mg=="
    },
    {
      "enable" : true,
      "password" : "i.wuw.red",
      "method" : "aes-256-cfb",
      "remarks" : "5000-6403",
      "server" : "107.170.196.108",
      "obfs" : "plain",
      "protocol" : "origin",
      "server_port" : 5000,
      "remarks_base64" : "NTAwMC02NDAz"
    },
    {
      "enable" : true,
      "password" : "N2JkMWEzMDky",
      "method" : "rc4-md5",
      "remarks" : "",
      "server" : "c.freess.fun",
      "obfs" : "plain",
      "protocol" : "origin",
      "server_port" : 18746,
      "remarks_base64" : ""
    },
    {
      "enable" : true,
      "password" : "MjZkNTZkZGMw",
      "method" : "rc4-md5",
      "remarks" : "",
      "server" : "b.freess.fun",
      "obfs" : "plain",
      "protocol" : "origin",
      "server_port" : 10356,
      "remarks_base64" : ""
    },
    {
      "enable" : true,
      "password" : "ODJlYWU1ZjBj",
      "method" : "rc4-md5",
      "remarks" : "",
      "server" : "a.freess.fun",
      "obfs" : "plain",
      "protocol" : "origin",
      "server_port" : 16328,
      "remarks_base64" : ""
    },
    {
      "enable" : true,
      "password" : "doubi",
      "method" : "aes-256-cfb",
      "remarks" : "",
      "server" : "104.129.7.32",
      "obfs" : "http_simple",
      "protocol" : "auth_sha1_v4",
      "server_port" : 5678,
      "remarks_base64" : ""
    },
    {
      "enable" : true,
      "password" : "doub.io\/sszhfx\/*doub.bid\/sszhfx\/*3507",
      "method" : "chacha20",
      "remarks" : "本账号来自:doub.io\/sszhfx\/镜像域名:doub.bid\/sszhfx\/",
      "server" : "64.137.201.246",
      "obfs" : "tls1.2_ticket_auth",
      "protocol" : "auth_sha1_v4",
      "server_port" : 3507,
      "remarks_base64" : "5pys6LSm5Y+35p2l6IeqOmRvdWIuaW8vc3N6aGZ4L+mVnOWDj+Wfn+WQjTpkb3ViLmJpZC9zc3poZngv"
    },
    {
      "enable" : true,
      "password" : "doub.io\/sszhfx\/*doub.bid\/sszhfx\/*3507",
      "method" : "chacha20",
      "remarks" : "本账号来自:doub.io\/sszhfx\/镜像域名:doub.bid\/sszhfx\/",
      "server" : "64.137.198.70",
      "obfs" : "tls1.2_ticket_auth",
      "protocol" : "auth_sha1_v4",
      "server_port" : 3507,
      "remarks_base64" : "5pys6LSm5Y+35p2l6IeqOmRvdWIuaW8vc3N6aGZ4L+mVnOWDj+Wfn+WQjTpkb3ViLmJpZC9zc3poZngv"
    },
    {
      "enable" : true,
      "password" : "doub.io\/sszhfx\/*doub.bid\/sszhfx\/*3507",
      "method" : "chacha20",
      "remarks" : "本账号来自:doub.io\/sszhfx\/镜像域名:doub.bid\/sszhfx\/",
      "server" : "64.137.229.154",
      "obfs" : "tls1.2_ticket_auth",
      "protocol" : "auth_sha1_v4",
      "server_port" : 3507,
      "remarks_base64" : "5pys6LSm5Y+35p2l6IeqOmRvdWIuaW8vc3N6aGZ4L+mVnOWDj+Wfn+WQjTpkb3ViLmJpZC9zc3poZngv"
    }
  ],
  "proxyPort" : 0,
  "randomAlgorithm" : 0,
  "proxyEnable" : false,
  "enabled" : true,
  "autoban" : false,
  "proxyAuthUser" : null,
  "shareOverLan" : false,
  "localPort" : 1080
}