{
	"configs" : [
		{
			"remarks" : "gca",
			"id" : "666DD7849D66B33267CFF1006FAD11F9",
			"server" : "35.201.173.23",
			"server_port" : 8999,
			"server_udp_port" : 0,
			"password" : "jamevpns123",
			"method" : "aes-128-cfb",
			"protocol" : "origin",
			"protocolparam" : "",
			"obfs" : "plain",
			"obfsparam" : "",
			"remarks_base64" : "Z2Nh",
			"group" : "",
			"enable" : true,
			"udp_over_tcp" : false
		}
	],
	"index" : 0,
	"random" : false,
	"sysProxyMode" : 2,
	"shareOverLan" : false,
	"localPort" : 1080,
	"localAuthPassword" : "G4E_QqMUkd8l_aA5CFPi",
	"dnsServer" : "",
	"reconnectTimes" : 2,
	"randomAlgorithm" : 3,
	"randomInGroup" : false,
	"TTL" : 0,
	"connectTimeout" : 5,
	"proxyRuleMode" : 2,
	"proxyEnable" : false,
	"pacDirectGoProxy" : false,
	"proxyType" : 0,
	"proxyHost" : null,
	"proxyPort" : 0,
	"proxyAuthUser" : null,
	"proxyAuthPass" : null,
	"proxyUserAgent" : null,
	"authUser" : null,
	"authPass" : null,
	"autoBan" : false,
	"sameHostForSameTarget" : false,
	"keepVisitTime" : 180,
	"isHideTips" : false,
	"nodeFeedAutoUpdate" : true,
	"serverSubscribes" : [

	],
	"token" : {

	},
	"portMap" : {

	}
}