{
	"137.74.49.178" : {
		"totalUploadBytes" : 14760,
		"totalDownloadBytes" : 263611
	},
	"64.137.198.70" : {
		"totalUploadBytes" : 0,
		"totalDownloadBytes" : 5808
	},
	"64.137.251.215" : {
		"totalUploadBytes" : 0,
		"totalDownloadBytes" : 5808
	},
	"64.137.201.246" : {
		"totalUploadBytes" : 8087,
		"totalDownloadBytes" : 3271
	},
	"107.170.196.108" : {
		"totalUploadBytes" : 25530,
		"totalDownloadBytes" : 12197024
	},
	"64.137.229.154" : {
		"totalUploadBytes" : 0,
		"totalDownloadBytes" : 0
	},
	"jame.sedns.cn" : {
		"totalUploadBytes" : 66137,
		"totalDownloadBytes" : 333571
	},
	"jame.v4.sedns.cn" : {
		"totalUploadBytes" : 6220,
		"totalDownloadBytes" : 0
	},
	"101.94.249.85" : {
		"totalUploadBytes" : 163,
		"totalDownloadBytes" : 6845
	},
	"35.201.173.23" : {
		"totalUploadBytes" : 63663,
		"totalDownloadBytes" : 4422506
	}
}